INVENTAIRE UNIFIÉ DES SOURCES DE VEILLE (MALI),,,,,,,,,,
Instructions Scraper : Filtrer sur 'Statut Technique' = 'ACTIF_200' (requête standard) et 'ACTIF_403' (requête avec contournement anti-bot).,,,,,,,,,,
,,,,,,,,,,
ID Source,Organisme/Site,Catégorie d'Origine,Sous-Catégorie,Type d'Offre,URL,Statut Visuel,Statut Technique,Type Scraper,Fréquence,Description / Notes
SRC_001,APEJ - Agence pour la Promotion de l'Emploi des Jeunes,Institutions publiques,Institution publique,"Emploi, stage, formation, financement",https://apej.ml,✅ Actif (200),ACTIF_200,API_OU_DOM_MONITOR,QUOTIDIEN,"Canal n°1 jeunes : stages formation/qualification, apprentissage, financement projets, HIMO, opérateur PEJ."
SRC_002,"Ministère du Travail, de la Fonction Publique et du Dialogue Social",Institutions publiques,Ministère,Concours / recrutement,http://www.fonctionpublique.gouv.ml,✅ Actif (200),ACTIF_200,API_OU_DOM_MONITOR,QUOTIDIEN,"Concours Fonction Publique, recrutement agents de l'État."
SRC_003,Primature / Premier Ministère,Institutions publiques,Gouvernement,Institutionnel,http://primature.gouv.ml,✅ Actif (200),ACTIF_200,API_OU_DOM_MONITOR,QUOTIDIEN,"Communiqués Conseil des Ministres, nominations."
SRC_004,Portail Info-Gouvernement,Institutions publiques,Gouvernement,Institutionnel,https://gouvernement.ml,✅ Actif (200),ACTIF_200,API_OU_DOM_MONITOR,QUOTIDIEN,Annonces officielles de l'État.
SRC_005,ANPE - Agence Nationale pour l'Emploi,Institutions publiques,Institution publique,"Emploi, stage",https://www.anpe-mali.org,✅ Actif (200),ACTIF_200,API_OU_DOM_MONITOR,QUOTIDIEN,"Moteur d'offres : CDD/CDI/intérim/stage, par région. À confirmer officiel."
SRC_006,CMSS - Caisse Malienne de Sécurité Sociale,Institutions publiques,Établissement public,Concours / recrutement,http://www.cmss.ml,✅ Actif (200),ACTIF_200,API_OU_DOM_MONITOR,QUOTIDIEN,Avis de concours/recrutement de personnel.
SRC_007,USSGB - Université Sciences Sociales & Gestion de Bamako,Institutions publiques,Université,"Formation, concours",http://www.u-bamako.ml,✅ Actif (200),ACTIF_200,API_OU_DOM_MONITOR,QUOTIDIEN,"Concours d'entrée, recrutement enseignants."
SRC_008,ENI-ABT - École Nationale d'Ingénieurs,Institutions publiques,École publique,"Formation, concours",http://www.eni-abt.ml,✅ Actif (200),ACTIF_200,API_OU_DOM_MONITOR,QUOTIDIEN,"Concours d'entrée, formation ingénieurs."
SRC_009,FAFPA - Fonds Appui Formation Professionnelle,Institutions publiques,Fonds publ.,Formation / apprentissage,-,❌ Inaccessible,INACCESSIBLE,NON_CONFIGURÉ,AUCUNE,Aucun site officiel en ligne ; publie via presse/Facebook. 🔴 fafpamali.com = casino.
SRC_010,MEFP - Ministère Emploi & Formation Professionnelle,Institutions publiques,Ministère,"Emploi, formation",-,🔴 Piège/Squat - à écarter,SQUAT,NON_CONFIGURÉ,AUCUNE,mefp.gouv.ml / mef.gouv.ml = parking. Sans site fiable.
SRC_011,ONFP / Direction Formation Professionnelle,Institutions publiques,Organisme publ.,Formation,-,❌ Inaccessible,INACCESSIBLE,NON_CONFIGURÉ,AUCUNE,"onfp.ml, insfp.ml injoignables."
SRC_012,INPS - Institut National de Prévoyance Sociale,Institutions publiques,Établissement publ.,Concours / recrutement,-,❌ Inaccessible,INACCESSIBLE,NON_CONFIGURÉ,AUCUNE,inps.ml injoignable.
SRC_013,DGMP - Marchés publics,Institutions publiques,Organisme publ.,Appels d'offres,-,❌ Inaccessible,INACCESSIBLE,NON_CONFIGURÉ,AUCUNE,marches-publics.ml injoignable.
SRC_014,BCM - Banque Centrale du Mali,Institutions publiques,Banque centrale,Concours / recrutement,-,❌ Inaccessible,INACCESSIBLE,NON_CONFIGURÉ,AUCUNE,bcm.ml injoignable.
SRC_015,IPR/IFRA - Institut Polytechnique Rural,Institutions publiques,École / institut,Formation,-,❌ Inaccessible,INACCESSIBLE,NON_CONFIGURÉ,AUCUNE,ipr-ifra.ml injoignable.
SRC_016,Agence Entreprendre / Fonds financement / CNJ / ONPE-OSPE,Institutions publiques,Divers publics,Emploi / formation,-,❌ Inaccessible,INACCESSIBLE,NON_CONFIGURÉ,AUCUNE,Pas de site en ligne.
SRC_017,Mali Travail,Plateformes & presse,Job board,Emploi/stage,https://malitravail.net,✅ Actif (200),ACTIF_200,HTML_GENERIC_PARSER,QUOTIDIEN,Plateforme dédiée 'Trouvez votre emploi au Mali'.
SRC_018,Malipages,Plateformes & presse,Job board,Emploi/AO/annuaire,https://malipages.com,✅ Actif (200),ACTIF_200,HTML_GENERIC_PARSER,QUOTIDIEN,"Emploi, Appels d'Offres, annuaire entreprises."
SRC_019,Jobena,Plateformes & presse,Job board,Emploi,https://jobena.com,✅ Actif (200),ACTIF_200,HTML_GENERIC_PARSER,QUOTIDIEN,Offres d'emploi Mali/Afrique francophone.
SRC_020,Emploi Mali,Plateformes & presse,Job board,Emploi,https://emploimali.com,⚠️ Actif (403 anti-bot),ACTIF_403,PLAYWRIGHT_RESIDENTIAL,QUOTIDIEN,Portail d'offres d'emploi au Mali.
SRC_021,Maliactu (+ rubrique Emploi),Plateformes & presse,Presse,Emploi/concours/bourses,https://maliactu.net,⚠️ Actif (403 anti-bot),ACTIF_403,PLAYWRIGHT_RESIDENTIAL,QUOTIDIEN,Rubrique Emploi active et très suivie.
SRC_022,Bamada.net,Plateformes & presse,Presse,Emploi/insertion,https://bamada.net,✅ Actif (200),ACTIF_200,HTML_GENERIC_PARSER,QUOTIDIEN,Actualités emploi/insertion professionnelle.
SRC_023,Malijet,Plateformes & presse,Presse,Emploi,https://malijet.com,✅ Actif (200),ACTIF_200,HTML_GENERIC_PARSER,QUOTIDIEN,Actualités du Mali (sujets emploi).
SRC_024,Maliweb,Plateformes & presse,Presse,Concours/bourses/recrutements,https://maliweb.net,⚠️ Actif (403 anti-bot),ACTIF_403,PLAYWRIGHT_RESIDENTIAL,QUOTIDIEN,"Annonces concours, bourses, recrutements."
SRC_025,Malikounda,Plateformes & presse,Presse,Emploi,https://malikounda.com,✅ Actif (200),ACTIF_200,HTML_GENERIC_PARSER,QUOTIDIEN,Actualités générales/emploi.
SRC_026,Mali24 Info,Plateformes & presse,Presse,Emploi,https://mali24.info,✅ Actif (200),ACTIF_200,HTML_GENERIC_PARSER,QUOTIDIEN,Actualités.
SRC_027,MaliBusiness,Plateformes & presse,Presse éco,Emploi/éco,https://malibusiness.com,⚠️ Actif (403 anti-bot),ACTIF_403,PLAYWRIGHT_RESIDENTIAL,QUOTIDIEN,Infos éco/entreprises.
SRC_028,Afribone,Plateformes & presse,Presse,Emploi,https://afribone.com,✅ Actif (200),ACTIF_200,HTML_GENERIC_PARSER,QUOTIDIEN,Actualités du Mali.
SRC_029,L'Essor (Journal Officiel/média d'État),Plateformes & presse,Presse,Concours Fonction Publique,-,🔎 Non vérifiable (login requis),NON_VERIFIABLE,NON_CONFIGURÉ,AUCUNE,Concours/annonces officielles (source veille).
SRC_030,Africajob,Plateformes & presse,Portail panafricain,Emploi,https://www.africajob.com,✅ Actif (200),ACTIF_200,HTML_GENERIC_PARSER,QUOTIDIEN,"Offres Afrique francophone, filtre Mali."
SRC_032,Go Africa Online,Plateformes & presse,Réseau business,Emploi/annuaire,https://www.goafricaonline.com,✅ Actif (200),ACTIF_200,HTML_GENERIC_PARSER,QUOTIDIEN,Annuaire entreprises + offres Afrique.
SRC_033,Emploi.ci,Plateformes & presse,Portail régional,Emploi (UEMOA),https://www.emploi.ci,⚠️ Actif (403 anti-bot),ACTIF_403,PLAYWRIGHT_RESIDENTIAL,QUOTIDIEN,Portée régionale UEMOA.
SRC_034,Talent2Africa,Plateformes & presse,Cabinet recrutement,Recrutement,https://www.talent2africa.com,✅ Actif (200),ACTIF_200,HTML_GENERIC_PARSER,QUOTIDIEN,Conseil en recrutement Afrique.
SRC_035,Afrik.com,Plateformes & presse,Presse panafricaine,Emploi,https://www.afrik.com/emploi,⚠️ Actif (403 anti-bot),ACTIF_403,PLAYWRIGHT_RESIDENTIAL,QUOTIDIEN,Actualités + offres Afrique.
SRC_036,Koaci,Plateformes & presse,Presse panafricaine,Emploi,https://koaci.com,❌ Inaccessible,INACCESSIBLE,NON_CONFIGURÉ,AUCUNE,Répond mais instable (50x).
SRC_037,ReliefWeb (ONU/OCHA),Plateformes & presse,Agrégateur,Emploi humanitaire,https://reliefweb.int/jobs,✅ Actif (200),ACTIF_200,HTML_GENERIC_PARSER,QUOTIDIEN,Offres humanitaires couvrant le Mali.
SRC_038,UNjobs.org - Bamako,Plateformes & presse,Agrégateur ONU,Emploi/stage ONU,https://unjobs.org/duty_stations/bamako,⚠️ Actif (403 anti-bot),ACTIF_403,PLAYWRIGHT_RESIDENTIAL,QUOTIDIEN,Postes/stages ONU à Bamako.
SRC_039,Devex,Plateformes & presse,Portail développement,Emploi développement,https://www.devex.com/jobs,⚠️ Actif (403 anti-bot),ACTIF_403,PLAYWRIGHT_RESIDENTIAL,QUOTIDIEN,Plateforme secteur développement.
SRC_040,RFI Emploi Afrique,Plateformes & presse,Média,Emploi,https://www.rfi.fr/fr/emploi/afrique,⚠️ Actif (403 anti-bot),ACTIF_403,PLAYWRIGHT_RESIDENTIAL,QUOTIDIEN,Offres d'emploi Afrique.
SRC_043,Malibaara,Plateformes & presse,Job board,Emploi/stage,https://www.malibaara.com,✅ Actif (200),ACTIF_200,HTML_GENERIC_PARSER,QUOTIDIEN,«Le site par excellence de recherche d'emplois au Mali».
SRC_044,MLemploi,Plateformes & presse,Job board,Emploi/appels d'offres,https://www.mlemploi.com,✅ Actif (200),ACTIF_200,HTML_GENERIC_PARSER,QUOTIDIEN,"1er site d'offres d'emploi, d'appels d'offres, de conseil."
SRC_045,Emploi 365 Mali,Plateformes & presse,Job board,Emploi,https://emploi365.com,✅ Actif (200),ACTIF_200,HTML_GENERIC_PARSER,QUOTIDIEN,Recrutement & offres d'emploi au Mali.
SRC_046,Y'a bara,Plateformes & presse,Job board,Emploi/stage,https://yabara.org,✅ Actif (200),ACTIF_200,HTML_GENERIC_PARSER,QUOTIDIEN,Offres d'emplois et stages — recrutement.
SRC_047,Maliavis.com,Plateformes & presse,Job board,Emploi,https://maliavis.com,✅ Actif (200),ACTIF_200,HTML_GENERIC_PARSER,QUOTIDIEN,Portail d'annonces emploi au Mali.
SRC_048,Afrik Emploi,Plateformes & presse,Job board / panafricain,Emploi,https://afrikemploi.com,✅ Actif (200),ACTIF_200,HTML_GENERIC_PARSER,QUOTIDIEN,Portail d'offres d'emploi Afrique (Mali).
SRC_049,Emploi Et Moi,Plateformes & presse,Job board,Emploi,https://www.emploietmoi.com,✅ Actif (200),ACTIF_200,HTML_GENERIC_PARSER,QUOTIDIEN,«Un emploi pour chaque Malien».
SRC_050,PNUD Mali,ONG & organismes internationaux,Agence ONU,Emploi/stage/bourses,https://www.undp.org/mali,⚠️ Actif (403 anti-bot),ACTIF_403,PLAYWRIGHT_RESIDENTIAL,QUOTIDIEN,"Postes nationaux/internationaux, internships, consultants."
SRC_051,UNICEF Mali,ONG & organismes internationaux,Agence ONU,Emploi/stage/volontariat,https://www.unicef.org/mali,⚠️ Actif (403 anti-bot),ACTIF_403,PLAYWRIGHT_RESIDENTIAL,QUOTIDIEN,"Annonces postes, volontariat, stages."
SRC_052,PAM (WFP),ONG & organismes internationaux,Agence ONU,Carrières/jeunes prof.,https://www.wfp.org/careers,✅ Actif (200),ACTIF_200,HTML_GENERIC_PARSER,QUOTIDIEN,"Recrutements (dont Mali), jeunes professionnels."
SRC_053,OIM,ONG & organismes internationaux,Organisation intergouv.,Emploi/stage,https://www.iom.int,⚠️ Actif (403 anti-bot),ACTIF_403,PLAYWRIGHT_RESIDENTIAL,QUOTIDIEN,"Missions Mali, recrutements, stages humanitaires."
SRC_054,ONU Mali,ONG & organismes internationaux,Admin ONU,Postes/terrain/volontaires,https://mali.un.org,✅ Actif (200),ACTIF_200,HTML_GENERIC_PARSER,QUOTIDIEN,"Opportunités, postes, volontaires."
SRC_055,Volontaires ONU (VNU),ONG & organismes internationaux,Programme ONU,Volontariat,https://www.unv.org,⚠️ Actif (403 anti-bot),ACTIF_403,PLAYWRIGHT_RESIDENTIAL,QUOTIDIEN,Missions volontariat (très utilisé au Mali).
SRC_056,ONU Femmes,ONG & organismes internationaux,Agence ONU,Emploi/programmes,https://www.unwomen.org,✅ Actif (200),ACTIF_200,HTML_GENERIC_PARSER,QUOTIDIEN,"Recrutements, programmes jeunesse/égalité."
SRC_057,FAO,ONG & organismes internationaux,Agence ONU,Emploi,https://www.fao.org,✅ Actif (200),ACTIF_200,HTML_GENERIC_PARSER,QUOTIDIEN,"Alimentation/agriculture, présence Mali."
SRC_058,OIT / ILO,ONG & organismes internationaux,Agence ONU,Emploi/formation jeunes,https://www.ilo.org,✅ Actif (200),ACTIF_200,HTML_GENERIC_PARSER,QUOTIDIEN,"Programme Travail décent, formations, stages."
SRC_059,OMS Mali,ONG & organismes internationaux,Agence ONU,Postes santé,https://www.afro.who.int/fr/countries/mali,✅ Actif (200),ACTIF_200,HTML_GENERIC_PARSER,QUOTIDIEN,Postes santé publique.
SRC_060,UNESCO,ONG & organismes internationaux,Agence ONU,Bourses/formation,https://www.unesco.org,✅ Actif (200),ACTIF_200,HTML_GENERIC_PARSER,QUOTIDIEN,"Bourses, chaires, programmes éducation."
SRC_061,HCR (UNHCR),ONG & organismes internationaux,Agence ONU,Emploi/partenariats,https://www.unhcr.org,⚠️ Actif (403 anti-bot),ACTIF_403,PLAYWRIGHT_RESIDENTIAL,QUOTIDIEN,"Protection réfugiés, recrutements."
SRC_062,FNUAP (UNFPA),ONG & organismes internationaux,Agence ONU,Emploi,https://www.unfpa.org,✅ Actif (200),ACTIF_200,HTML_GENERIC_PARSER,QUOTIDIEN,"Santé sexuelle/reproductive, recrutements."
SRC_063,PNUE,ONG & organismes internationaux,Agence ONU,Emploi/projets,https://www.unep.org,✅ Actif (200),ACTIF_200,HTML_GENERIC_PARSER,QUOTIDIEN,"Environnement, Sahel."
SRC_064,ONUDI,ONG & organismes internationaux,Agence ONU,Formation/entreprenariat,https://www.unido.org,✅ Actif (200),ACTIF_200,HTML_GENERIC_PARSER,QUOTIDIEN,Développement industriel.
SRC_065,Banque Mondiale Portefeuille/Carrières,ONG & organismes internationaux,Bailleur,Emploi/jeunes prof. (YPP),https://www.worldbank.org/fr/country/mali,✅ Actif (200),ACTIF_200,HTML_GENERIC_PARSER,QUOTIDIEN,"Financement projets, carrières, YPP."
SRC_066,BAD - Banque Africaine de Développement,ONG & organismes internationaux,Bailleur,Emploi/jeunes prof.,https://www.afdb.org,⚠️ Actif (403 anti-bot),ACTIF_403,PLAYWRIGHT_RESIDENTIAL,QUOTIDIEN,"Bureau Mali, postes, programme jeunes prof."
SRC_067,FMI,ONG & organismes internationaux,Institution,Carrières,https://www.imf.org,⚠️ Actif (403 anti-bot),ACTIF_403,PLAYWRIGHT_RESIDENTIAL,QUOTIDIEN,"Représentation Mali, carrières."
SRC_068,GIZ (Coop. allemande),ONG & organismes internationaux,Bailleur,Emploi/stage/formation,https://www.giz.de,✅ Actif (200),ACTIF_200,HTML_GENERIC_PARSER,QUOTIDIEN,Coopération technique Mali (+ jobs.giz.de).
SRC_069,KfW,ONG & organismes internationaux,Bailleur,Financement,https://www.kfw-entwicklungsbank.de,✅ Actif (200),ACTIF_200,HTML_GENERIC_PARSER,QUOTIDIEN,Financement de projets Mali.
SRC_070,AFD,ONG & organismes internationaux,Bailleur,Emploi/stage/projets,https://www.afd.fr/fr/page-region-pays/mali,✅ Actif (200),ACTIF_200,HTML_GENERIC_PARSER,QUOTIDIEN,Projets de développement Mali.
SRC_071,DDC Suisse (EDA),ONG & organismes internationaux,Bailleur,Coopération,https://www.eda.admin.ch/deza,⚠️ Actif (403 anti-bot),ACTIF_403,PLAYWRIGHT_RESIDENTIAL,QUOTIDIEN,Aide suisse au Mali.
SRC_072,Union Européenne - EEAS Mali,ONG & organismes internationaux,Organisation,Développement/bourses Erasmus+,https://www.eeas.europa.eu/mali_fr,✅ Actif (200),ACTIF_200,HTML_GENERIC_PARSER,QUOTIDIEN,"Délégation UE Bamako, Erasmus+."
SRC_073,Enabel (Coop. belge),ONG & organismes internationaux,Bailleur,Emploi/stage,https://www.enabel.be,✅ Actif (200),ACTIF_200,HTML_GENERIC_PARSER,QUOTIDIEN,"Bureau Mali, postes, stages."
SRC_074,LuxDev (Luxembourg),ONG & organismes internationaux,Bailleur,Projets,https://luxdev.lu,✅ Actif (200),ACTIF_200,HTML_GENERIC_PARSER,QUOTIDIEN,Projets Mali.
SRC_075,Ambassade de France - SCAC / Campus France,ONG & organismes internationaux,Agence,Bourses/études/service civique,https://ml.ambafrance.org,✅ Actif (200),ACTIF_200,HTML_GENERIC_PARSER,QUOTIDIEN,"Coopération culturelle, bourses, Campus France."
SRC_076,Ambassade US / USAID,ONG & organismes internationaux,Bailleur,Bourses (Fulbright),https://ml.usembassy.gov,✅ Actif (200),ACTIF_200,HTML_GENERIC_PARSER,QUOTIDIEN,"Bourses, projets USAID (en réorganisation)."
SRC_077,JICA (Japon),ONG & organismes internationaux,Bailleur,Projets/formations,https://www.jica.go.jp,✅ Actif (200),ACTIF_200,HTML_GENERIC_PARSER,QUOTIDIEN,Projets et formations Mali.
SRC_078,France Volontaires,ONG & organismes internationaux,Programme,Volontariat,https://www.france-volontaires.org,✅ Actif (200),ACTIF_200,HTML_GENERIC_PARSER,QUOTIDIEN,Volontariats de solidarité internationale.
SRC_080,UEMOA - Bourses d'excellence,ONG & organismes internationaux,Organisation régionale,Bourses/formation/carrières,https://www.uemoa.int,✅ Actif (200),ACTIF_200,HTML_GENERIC_PARSER,QUOTIDIEN,"Bourses d'excellence UEMOA, emplois."
SRC_081,CEDEAO / ECOWAS,ONG & organismes internationaux,Organisation régionale,Carrières,https://ecowas.int/career,✅ Actif (200),ACTIF_200,HTML_GENERIC_PARSER,QUOTIDIEN,Postes au Mali.
SRC_082,Union Africaine (UA),ONG & organismes internationaux,Organisation régionale,Carrières/jeunes prof.,https://au.int/careers,✅ Actif (200),ACTIF_200,HTML_GENERIC_PARSER,QUOTIDIEN,"Carrières UA, jeunes professionnels."
SRC_083,Croix-Rouge Française,ONG & organismes internationaux,ONG int'l,Emploi humanitaire,https://www.croix-rouge.fr,✅ Actif (200),ACTIF_200,HTML_GENERIC_PARSER,QUOTIDIEN,Aide humanitaire Mali.
SRC_084,Croix-Rouge Malienne,ONG & organismes internationaux,ONG locale,Emploi/volontariat/formation,https://www.croix-rouge.ml,✅ Actif (200),ACTIF_200,HTML_GENERIC_PARSER,QUOTIDIEN,"Recrutements, volontariat, formations."
SRC_085,MSF - Médecins Sans Frontières,ONG & organismes internationaux,ONG int'l,Emploi humanitaire,https://www.msf.org,✅ Actif (200),ACTIF_200,HTML_GENERIC_PARSER,QUOTIDIEN,Opérations Mali.
SRC_086,Action contre la Faim (ACF),ONG & organismes internationaux,ONG int'l,Emploi/Nutrition,https://www.actioncontrelafaim.org,✅ Actif (200),ACTIF_200,HTML_GENERIC_PARSER,QUOTIDIEN,Missions nutrition/urgence Mali.
SRC_087,Handicap International (HI),ONG & organismes internationaux,ONG int'l,Emploi,https://www.hi.org/fr,✅ Actif (200),ACTIF_200,HTML_GENERIC_PARSER,QUOTIDIEN,Programmes Mali.
SRC_088,Solidarités International,ONG & organismes internationaux,ONG int'l,Emploi,https://www.solidarites.org,✅ Actif (200),ACTIF_200,HTML_GENERIC_PARSER,QUOTIDIEN,Eau/hygiène Mali.
SRC_089,Save the Children Mali,ONG & organismes internationaux,ONG int'l,Emploi/stage,https://mali.savethechildren.net,✅ Actif (200),ACTIF_200,HTML_GENERIC_PARSER,QUOTIDIEN,"Protection enfance, postes/stages."
SRC_090,Plan International Mali,ONG & organismes internationaux,ONG int'l,Emploi/volontariat,https://plan-international.org/mali,✅ Actif (200),ACTIF_200,HTML_GENERIC_PARSER,QUOTIDIEN,Droits de l'enfant.
SRC_091,World Vision Mali,ONG & organismes internationaux,ONG int'l,Recrutements,https://www.wvi.org/mali,✅ Actif (200),ACTIF_200,HTML_GENERIC_PARSER,QUOTIDIEN,Développement communautaire.
SRC_092,IRC - International Rescue Committee,ONG & organismes internationaux,ONG int'l,Emploi humanitaire,https://www.rescue.org,✅ Actif (200),ACTIF_200,HTML_GENERIC_PARSER,QUOTIDIEN,Postes humanitaires Mali.
SRC_093,NRC - Norwegian Refugee Council,ONG & organismes internationaux,ONG int'l,Recrutements,https://www.nrc.no,✅ Actif (200),ACTIF_200,HTML_GENERIC_PARSER,QUOTIDIEN,Programmes Mali.
SRC_094,DRC - Danish Refugee Council,ONG & organismes internationaux,ONG int'l,Recrutements,https://drc.ngo,✅ Actif (200),ACTIF_200,HTML_GENERIC_PARSER,QUOTIDIEN,Missions Mali.
SRC_095,COOPI,ONG & organismes internationaux,ONG int'l,Emploi,https://www.coopi.org,✅ Actif (200),ACTIF_200,HTML_GENERIC_PARSER,QUOTIDIEN,Sécurité alimentaire Mali.
SRC_096,Médecins du Monde,ONG & organismes internationaux,ONG int'l,Emploi,https://www.medecinsdumonde.org,✅ Actif (200),ACTIF_200,HTML_GENERIC_PARSER,QUOTIDIEN,Santé.
SRC_097,CARE International,ONG & organismes internationaux,ONG int'l,Emploi,https://www.care.org,✅ Actif (200),ACTIF_200,HTML_GENERIC_PARSER,QUOTIDIEN,Programmes Mali.
SRC_098,Oxfam Intermon,ONG & organismes internationaux,ONG int'l,Emploi,https://oxfamintermon.org,✅ Actif (200),ACTIF_200,HTML_GENERIC_PARSER,QUOTIDIEN,Missions Mali/Sahel.
SRC_099,Concern Worldwide,ONG & organismes internationaux,ONG int'l,Emploi,https://www.concern.net,✅ Actif (200),ACTIF_200,HTML_GENERIC_PARSER,QUOTIDIEN,Aide au Mali.
SRC_100,Mercy Corps,ONG & organismes internationaux,ONG int'l,Emploi,https://www.mercycorps.org,✅ Actif (200),ACTIF_200,HTML_GENERIC_PARSER,QUOTIDIEN,Programmes Sahel.
SRC_101,Islamic Relief,ONG & organismes internationaux,ONG int'l,Emploi,https://www.islamic-relief.org,✅ Actif (200),ACTIF_200,HTML_GENERIC_PARSER,QUOTIDIEN,Présence Mali.
SRC_102,ZOA,ONG & organismes internationaux,ONG int'l,Emploi,https://www.zoa-international.com,✅ Actif (200),ACTIF_200,HTML_GENERIC_PARSER,QUOTIDIEN,Programmes Mali.
SRC_103,Diakonie Katastrophenhilfe,ONG & organismes internationaux,ONG allemande,Emploi,https://www.diakonie-katastrophenhilfe.de,✅ Actif (200),ACTIF_200,HTML_GENERIC_PARSER,QUOTIDIEN,Aide d'urgence.
SRC_104,HELVETAS,ONG & organismes internationaux,ONG suisse,Emploi,https://www.helvetas.org,✅ Actif (200),ACTIF_200,HTML_GENERIC_PARSER,QUOTIDIEN,Développement rural.
SRC_105,Inter Aide,ONG & organismes internationaux,ONG française,Emploi,https://www.interaide.org,✅ Actif (200),ACTIF_200,HTML_GENERIC_PARSER,QUOTIDIEN,Programmes Mali.
SRC_106,Caritas,ONG & organismes internationaux,Réseau ONG,Emploi,https://www.caritas.org,✅ Actif (200),ACTIF_200,HTML_GENERIC_PARSER,QUOTIDIEN,Réseau Caritas Mali.
SRC_107,DAI,ONG & organismes internationaux,Entreprise USAID,Emploi développement,https://www.dai.com,✅ Actif (200),ACTIF_200,HTML_GENERIC_PARSER,QUOTIDIEN,Implémentation projets.
SRC_108,Chemonics,ONG & organismes internationaux,Entreprise USAID,Emploi développement,https://www.chemonics.com,⚠️ Actif (403 anti-bot),ACTIF_403,PLAYWRIGHT_RESIDENTIAL,QUOTIDIEN,Projets développement Mali.
SRC_109,JSI - John Snow Inc.,ONG & organismes internationaux,ONG santé,Emploi,https://www.jsi.com,⚠️ Actif (403 anti-bot),ACTIF_403,PLAYWRIGHT_RESIDENTIAL,QUOTIDIEN,Projets santé Mali.
SRC_110,MSH - Management Sciences for Health,ONG & organismes internationaux,ONG santé,Emploi,https://msh.org,⚠️ Actif (403 anti-bot),ACTIF_403,PLAYWRIGHT_RESIDENTIAL,QUOTIDIEN,Systèmes de santé Mali.
SRC_111,FHI 360,ONG & organismes internationaux,ONG int'l,Emploi,https://www.fhi360.org,⚠️ Actif (403 anti-bot),ACTIF_403,PLAYWRIGHT_RESIDENTIAL,QUOTIDIEN,Projets santé/développement.
SRC_112,SOS Villages d'Enfants,ONG & organismes internationaux,ONG int'l,Emploi,https://www.sosve.org,✅ Actif (200),ACTIF_200,HTML_GENERIC_PARSER,QUOTIDIEN,Protection enfance.
SRC_113,Groupe Agir pour le Sahel,ONG & organismes internationaux,ONG locale,Emploi/programmes,https://www.groupeagir.com,✅ Actif (200),ACTIF_200,HTML_GENERIC_PARSER,QUOTIDIEN,ONG sahélienne malienne.
SRC_114,ANPE Mali (agence),ONG & organismes internationaux,Agence publique,Emploi/stage,https://anpemali.org,✅ Actif (200),ACTIF_200,HTML_GENERIC_PARSER,QUOTIDIEN,Guichet public de l'emploi.
SRC_115,APEJ (agence),ONG & organismes internationaux,Agence publique,Emploi/stage/formation,https://www.apej.ml,✅ Actif (200),ACTIF_200,HTML_GENERIC_PARSER,QUOTIDIEN,Guichet national des jeunes.
SRC_116,FECONG - Fédération Collectifs ONG Mali,ONG & organismes internationaux,Réseau ONG locales,Emploi/partenariats,https://www.fecong.org,✅ Actif (200),ACTIF_200,HTML_GENERIC_PARSER,QUOTIDIEN,"Coordination ONG maliennes, annonces."
SRC_117,FONGIM - Forum des ONG Internationales au Mali,ONG & organismes internationaux,Réseau/coordination ONG,Emploi/partenariats/plaidoyer,https://www.fongim.org,✅ Actif (200),ACTIF_200,HTML_GENERIC_PARSER,QUOTIDIEN,"Coordination des ONG internationales au Mali : coordonner, plaider, renforcer."
SRC_118,IFDC - International Fertilizer Development Center,ONG & organismes internationaux,ONG int'l,Emploi,https://www.ifdc.org/careers,✅ Actif (200),ACTIF_200,HTML_GENERIC_PARSER,QUOTIDIEN,"Développement agricole/engrais ; bureau Mali, postes terrain & siège."
SRC_119,IMPACT Initiatives,ONG & organismes internationaux,ONG int'l,Emploi,https://www.impact-initiatives.org/careers,✅ Actif (200),ACTIF_200,HTML_GENERIC_PARSER,QUOTIDIEN,Recherche/évaluation humanitaire (REACH) ; missions au Mali et au Sahel.
SRC_120,AMASSA Afrique Verte,ONG & organismes internationaux,ONG locale,Emploi/projets,-,❌ Inaccessible,INACCESSIBLE,NON_CONFIGURÉ,AUCUNE,Présence via ReliefWeb (site ne résout plus).
SRC_121,ARCAD Santé,ONG & organismes internationaux,ONG locale,Emploi,-,❌ Inaccessible,INACCESSIBLE,NON_CONFIGURÉ,AUCUNE,Présence via ReliefWeb (site ne résout plus).
SRC_122,Fondation Mastercard,ONG & organismes internationaux,Fondation,Bourses/employabilité,https://mastercardfdn.org,✅ Actif (200),ACTIF_200,HTML_GENERIC_PARSER,QUOTIDIEN,Programmes Jeunes en Afrique.
SRC_123,Fondation Tony Elumelu,ONG & organismes internationaux,Fondation,Entreprenariat/bourses,https://www.tonyelumelufoundation.org,✅ Actif (200),ACTIF_200,HTML_GENERIC_PARSER,QUOTIDIEN,Programme entrepreneurs africains.
SRC_124,Fondation de France,ONG & organismes internationaux,Fondation,Projets humanitaires/jeunesse,https://www.fondationdefrance.org,✅ Actif (200),ACTIF_200,HTML_GENERIC_PARSER,QUOTIDIEN,Soutien projets.
SRC_125,Fondation B&M Gates,ONG & organismes internationaux,Fondation,Financement projets,https://www.gatesfoundation.org,✅ Actif (200),ACTIF_200,HTML_GENERIC_PARSER,QUOTIDIEN,Limité au Mali.
SRC_126,ImpactPool,ONG & organismes internationaux,Plateforme,Emploi développement/aide,https://www.impactpool.org,✅ Actif (200),ACTIF_200,HTML_GENERIC_PARSER,QUOTIDIEN,Emplois secteur développement/aide.
SRC_127,UN Careers (carrières ONU),ONG & organismes internationaux,Plateforme ONU,Concours/jeunes (YPP),https://careers.un.org,✅ Actif (200),ACTIF_200,HTML_GENERIC_PARSER,QUOTIDIEN,Postes et concours jeunes fonctionnaires.
SRC_128,PNUD Carrières,ONG & organismes internationaux,Plateforme,Recrutement terrain,https://jobs.undp.org,⚠️ Actif (403 anti-bot),ACTIF_403,PLAYWRIGHT_RESIDENTIAL,QUOTIDIEN,Portail recrutement PNUD.
SRC_129,USSGB Bamako,Formation & universités,Université publique,Formation/concours,https://ussgb.ml,✅ Actif (200),ACTIF_200,API_OU_DOM_MONITOR,QUOTIDIEN,"4 universités publiques de Bamako ; filières, concours."
SRC_130,Université de Ségou,Formation & universités,Université publique,Formation,https://univ-segou.ml,✅ Actif (200),ACTIF_200,API_OU_DOM_MONITOR,QUOTIDIEN,"Formations, départements, inscriptions."
SRC_131,USTTB Bamako,Formation & universités,Université publique,Formation/concours,https://usttb.edu.ml,❓ À confirmer (002/DNS local),A_CONFIRMER,API_OU_DOM_MONITOR,QUOTIDIEN,"DNS valide, serveur à revérifier depuis le pays."
SRC_132,ENI-ABT (ingénieurs),Formation & universités,École publique,Formation/concours,https://www.eni-abt.ml,✅ Actif (200),ACTIF_200,API_OU_DOM_MONITOR,QUOTIDIEN,École d'ingénieurs de référence.
SRC_133,ENA - École Nationale d'Administration,Formation & universités,École publique,Formation/concours,https://enamali.ml,✅ Actif (200),ACTIF_200,API_OU_DOM_MONITOR,QUOTIDIEN,"Cadres de l'administration, concours."
SRC_134,CNRST - Centre Nat. Recherche,Formation & universités,Centre de recherche,Formation/bourses,https://cnrst.edu.ml,✅ Actif (200),ACTIF_200,API_OU_DOM_MONITOR,QUOTIDIEN,"Instituts de recherche, bourses."
SRC_135,IER - Institut d'Économie Rurale,Formation & universités,Institut de recherche,Formation applied,https://ier.ml,✅ Actif (200),ACTIF_200,API_OU_DOM_MONITOR,QUOTIDIEN,Recherche agro/économie rurale.
SRC_136,AUF - Agence Universitaire Francophonie,Formation & universités,Organisation,Bourses/mobilités,https://www.auf.org,⚠️ Actif (403 anti-bot),ACTIF_403,PLAYWRIGHT_RESIDENTIAL,QUOTIDIEN,"Bourses francophones, campus numériques."
SRC_137,Mastercard Foundation,Formation & universités,Fondation,Bourses,https://mastercardfdn.org,✅ Actif (200),ACTIF_200,API_OU_DOM_MONITOR,QUOTIDIEN,Bourses études supérieures jeunes Africains.
SRC_138,DAAD,Formation & universités,Organisation,Bourses/stages en Allemagne,https://www.daad.de,✅ Actif (200),ACTIF_200,API_OU_DOM_MONITOR,QUOTIDIEN,Bourses d'études et stages.
SRC_139,Campus France,Formation & universités,Organisation,Bourses/études France,https://www.campusfrance.org,✅ Actif (200),ACTIF_200,API_OU_DOM_MONITOR,QUOTIDIEN,Études en France (CEF pour le Mali).
SRC_140,Scholars4Dev,Formation & universités,Agrégateur bourses,Bourses,https://www.scholars4dev.com,✅ Actif (200),ACTIF_200,API_OU_DOM_MONITOR,QUOTIDIEN,Agrégateur bourses (filtre Mali).
SRC_141,Étudier en France,Formation & universités,Annuaire,Bourses/formations,https://www.etudes-en-france.com,✅ Actif (200),ACTIF_200,API_OU_DOM_MONITOR,QUOTIDIEN,Bourses/formations pour étrangers.
SRC_142,BCEAO,Formation & universités,Institution financière,Bourses banque/finance,https://www.bceao.int,✅ Actif (200),ACTIF_200,API_OU_DOM_MONITOR,QUOTIDIEN,Bourses de formation concours BCEAO.
SRC_143,Union Africaine (formation),Formation & universités,Organisation régionale,Bourses/formations,https://au.int,✅ Actif (200),ACTIF_200,API_OU_DOM_MONITOR,QUOTIDIEN,Formations/bourses panafricaines.
SRC_144,ReliefWeb (stages),Formation & universités,ONU,Emploi/stages humanitaires,https://reliefweb.int,✅ Actif (200),ACTIF_200,API_OU_DOM_MONITOR,QUOTIDIEN,Stages/emplois humanitaires.
SRC_145,UNjobs Bamako,Formation & universités,Agrégateur,Stages/postes ONU,https://unjobs.org/duty_stations/bamako,⚠️ Actif (403 anti-bot),ACTIF_403,PLAYWRIGHT_RESIDENTIAL,QUOTIDIEN,Postes/stages ONU à Bamako.
SRC_146,USJPB (Sciences Juridiques),Formation & universités,Université,Formation/concours,-,❌ Inaccessible,INACCESSIBLE,NON_CONFIGURÉ,AUCUNE,Domaine disparu ; info via maliweb/maliactu.
SRC_147,USEG / USECHB (Éco & Gestion),Formation & universités,Université,Formation/concours,-,❌ Inaccessible,INACCESSIBLE,NON_CONFIGURÉ,AUCUNE,Aucun domaine trouvé.
SRC_148,Université de Sikasso,Formation & universités,Université,Formation,-,❌ Inaccessible,INACCESSIBLE,NON_CONFIGURÉ,AUCUNE,univ-sikasso.ml NO-DNS.
SRC_149,Université de Kabala (Koulikoro),Formation & universités,Université,Formation,-,❌ Inaccessible,INACCESSIBLE,NON_CONFIGURÉ,AUCUNE,univ-kabala.ml NO-DNS.
SRC_150,ENSUP / ENSs,Formation & universités,École,Formation,-,❌ Inaccessible,INACCESSIBLE,NON_CONFIGURÉ,AUCUNE,ensup.ml NO-DNS.
SRC_151,ENSP / ENP,Formation & universités,École,Formation,-,❌ Inaccessible,INACCESSIBLE,NON_CONFIGURÉ,AUCUNE,enp.ml NO-DNS.
SRC_152,IPR/IFRA Katibougou,Formation & universités,École/institut,Formation,-,❌ Inaccessible,INACCESSIBLE,NON_CONFIGURÉ,AUCUNE,ipr-ifra.ml NO-DNS.
SRC_153,INFP - Institut Nat. Formation Professionnelle,Formation & universités,Centre formation,Formation,-,❌ Inaccessible,INACCESSIBLE,NON_CONFIGURÉ,AUCUNE,Centres régionaux sans site central.
SRC_154,FAFPA (formation prof./apprentissage),Formation & universités,Fonds publ.,Formation/apprentissage,-,❌ Inaccessible,INACCESSIBLE,NON_CONFIGURÉ,AUCUNE,Aucun site officiel ; 🔴 ne pas citer fpamali.com.
SRC_155,"Instituts privés (IUF Ségou, INFS, ISFRA, ESICM, ISIG)",Formation & universités,Instituts privés,Formation,-,❌ Inaccessible,INACCESSIBLE,NON_CONFIGURÉ,AUCUNE,NO-DNS.
SRC_156,"Bourses locales (boursesmali.net, etc.)",Formation & universités,Agrégats bourses,Bourses,-,❌ Inaccessible,INACCESSIBLE,NON_CONFIGURÉ,AUCUNE,NO-DNS.
SRC_157,Emploi Mali,Réseaux sociaux & canaux,Facebook - groupe,Offres publiques/privées,rechercher 'Emploi Mali' dans FB,🔎 Non vérifiable (login requis),NON_VERIFIABLE,RESEAU_SOC_MANUEL,HEBDOMADAIRE,"Groupe très actif, publications quotidiennes."
SRC_158,Offres d'emploi au Mali,Réseaux sociaux & canaux,Facebook - groupe,Annonces/concours,-,🔎 Non vérifiable (login requis),NON_VERIFIABLE,NON_CONFIGURÉ,AUCUNE,Annonces + concours.
SRC_159,Emplois au Mali / Recrutement au Mali,Réseaux sociaux & canaux,Facebook - groupe,Emploi/concours/stage/formation,-,🔎 Non vérifiable (login requis),NON_VERIFIABLE,NON_CONFIGURÉ,AUCUNE,Groupe multi-thèmes.
SRC_160,Bamako Jobs / Emploi Bamako,Réseaux sociaux & canaux,Facebook - groupe,Emploi capitale,-,🔎 Non vérifiable (login requis),NON_VERIFIABLE,NON_CONFIGURÉ,AUCUNE,Axé sur Bamako.
SRC_161,Réseau des Jeunes Professionnels du Mali (RJPM),Réseaux sociaux & canaux,Facebook - groupe,Offres/événements jeunes,-,🔎 Non vérifiable (login requis),NON_VERIFIABLE,NON_CONFIGURÉ,AUCUNE,Réseau jeunes diplômés.
SRC_162,Jeunes Talents & Emploi Mali,Réseaux sociaux & canaux,Facebook - groupe,Emploi jeunes,-,🔎 Non vérifiable (login requis),NON_VERIFIABLE,NON_CONFIGURÉ,AUCUNE,Dédié aux jeunes.
SRC_163,Médias Maliens (pages FB),Réseaux sociaux & canaux,Facebook - pages,Annonces 'en image',-,🔎 Non vérifiable (login requis),NON_VERIFIABLE,NON_CONFIGURÉ,AUCUNE,"Malijet, Bamanet, Bamada, Malivox, L'Indépendant, Aujourd'hui-Mali."
SRC_164,Emploi Mali,Réseaux sociaux & canaux,Télégram - chaîne,Offres/concours,t.me/EmploiMali,🔎 Non vérifiable (login requis),NON_VERIFIABLE,API_OU_DOM_MONITOR,QUOTIDIEN,"Handle supposé, à confirmer."
SRC_165,Offres d'emploi au Mali,Réseaux sociaux & canaux,Télégram - chaîne,Offres,t.me/offresdemploiaumali,🔎 Non vérifiable (login requis),NON_VERIFIABLE,API_OU_DOM_MONITOR,QUOTIDIEN,Handle supposé.
SRC_166,Recrutement Mali,Réseaux sociaux & canaux,Télégram - chaîne,Recrutement,t.me/RecrutementMali,🔎 Non vérifiable (login requis),NON_VERIFIABLE,API_OU_DOM_MONITOR,QUOTIDIEN,Handle supposé.
SRC_167,Bamako Jobs,Réseaux sociaux & canaux,Télégram - chaîne,Emploi,t.me/bamakojobs,🔎 Non vérifiable (login requis),NON_VERIFIABLE,API_OU_DOM_MONITOR,QUOTIDIEN,Handle supposé.
SRC_168,Emplois du Mali,Réseaux sociaux & canaux,Télégram - chaîne,Offres,t.me/emploisdumali,🔎 Non vérifiable (login requis),NON_VERIFIABLE,API_OU_DOM_MONITOR,QUOTIDIEN,Handle supposé.
SRC_169,"Chaînes sectorielles (Emploi santé/mines, Concours FP)",Réseaux sociaux & canaux,Télégram - chaînes,Par secteur,-,🔎 Non vérifiable (login requis),NON_VERIFIABLE,NON_CONFIGURÉ,AUCUNE,Éphémères ; à capturer via recherche TG.
SRC_170,"Groupes WhatsApp (Emploi Bamako, Concours Mali, Ingénieurs Mali...)",Réseaux sociaux & canaux,WhatsApp - groupes,Emploi/concours,invitation uniquement,🔎 Non vérifiable (login requis),NON_VERIFIABLE,API_OU_DOM_MONITOR,QUOTIDIEN,Groupes fermés ; se joindre via contacts.
SRC_171,LinkedIn (Jobs in Mali / Emploi Mali / pages Carrières),Réseaux sociaux & canaux,LinkedIn,Emploi cadres/intl,-,🔎 Non vérifiable (login requis),NON_VERIFIABLE,NON_CONFIGURÉ,AUCUNE,"Pages Carrières des entreprises (Orange, Ecobank, B2Gold...)."
SRC_172,Orange Mali,Entreprises - employeurs,Télécoms/TIC,Emploi (commerciaux/techniciens/cadres),https://www.orangemali.com,✅ Actif (200),ACTIF_200,API_OU_DOM_MONITOR,QUOTIDIEN,Recrute en continu ; rubrique Carrières.
SRC_173,Moov Africa Mali (ex-Malitel/Sotelma),Entreprises - employeurs,Télécoms/TIC,Emploi,https://www.moov-africa.ml,✅ Actif (200),ACTIF_200,API_OU_DOM_MONITOR,QUOTIDIEN,Confirmer marque actuelle.
SRC_174,BNDA - Banque Nat. Développement Agricole,Entreprises - employeurs,Banque,Emploi,https://www.bnda.com,✅ Actif (200),ACTIF_200,API_OU_DOM_MONITOR,QUOTIDIEN,Banque.
SRC_175,Ecobank Mali,Entreprises - employeurs,Banque,Emploi,https://ecobank.com,✅ Actif (200),ACTIF_200,API_OU_DOM_MONITOR,QUOTIDIEN,Candidatures via Ecobank Careers (rubrique Mali).
SRC_176,BOA Mali (Bank of Africa),Entreprises - employeurs,Banque,Emploi,https://www.boamali.com,✅ Actif (200),ACTIF_200,API_OU_DOM_MONITOR,QUOTIDIEN,Banque.
SRC_177,Banque Atlantique Mali,Entreprises - employeurs,Banque,Emploi,https://banqueatlantique.net,✅ Actif (200),ACTIF_200,API_OU_DOM_MONITOR,QUOTIDIEN,Groupe Banque Centrale Populaire/Atlantique.
SRC_178,Orabank Mali,Entreprises - employeurs,Banque,Emploi,https://orabank.net,⚠️ Actif (403 anti-bot),ACTIF_403,PLAYWRIGHT_RESIDENTIAL,QUOTIDIEN,Portail groupe.
SRC_179,BDM-SA (Banque de Développement du Mali),Entreprises - employeurs,Banque,Emploi (concours annuels),bdmsa.ml,❓ À confirmer (002/DNS local),A_CONFIRMER,API_OU_DOM_MONITOR,QUOTIDIEN,Grand recruteur ; à re-tester localement.
SRC_180,BICIM (groupe BGFI),Entreprises - employeurs,Banque,Emploi,bgfi-bgroup.com,❓ À confirmer (002/DNS local),A_CONFIRMER,API_OU_DOM_MONITOR,QUOTIDIEN,Non vérifiable ici.
SRC_181,Coris Bank International,Entreprises - employeurs,Banque,Emploi,corisbank.com,❓ À confirmer (002/DNS local),A_CONFIRMER,API_OU_DOM_MONITOR,QUOTIDIEN,Grand recruteur.
SRC_182,BSIC / BMS / Access Bank,Entreprises - employeurs,Banque,Emploi,-,🔎 Non vérifiable (login requis),NON_VERIFIABLE,NON_CONFIGURÉ,AUCUNE,Non vérifiés.
SRC_183,"Microfinance (AVEK, Nyèsigiso, Kafo Jiginew, Soro Yiriwa)",Entreprises - employeurs,Microfinance,Emploi de proximité,-,🔎 Non vérifiable (login requis),NON_VERIFIABLE,NON_CONFIGURÉ,AUCUNE,Gros recruteurs locaux.
SRC_184,EDM-SA (Énergie du Mali),Entreprises - employeurs,Énergie/électricité,Emploi,https://edmsa.ml,✅ Actif (200),ACTIF_200,API_OU_DOM_MONITOR,QUOTIDIEN,"Recruteurs réguliers (MOE, techniciens)."
SRC_185,GPM-SA (Grands Projets du Mali - aéroports),Entreprises - employeurs,Aéroports/infra,Emploi,http://www.gpm-sa.com,✅ Actif (200),ACTIF_200,API_OU_DOM_MONITOR,QUOTIDIEN,Grands projets.
SRC_186,SOMAGEP-SA (Eau potable),Entreprises - employeurs,Eau,Emploi,-,🔎 Non vérifiable (login requis),NON_VERIFIABLE,NON_CONFIGURÉ,AUCUNE,Non vérifié.
SRC_187,COMANAV (Navigation),Entreprises - employeurs,Transport fluvial,Emploi,comanav.net,❓ À confirmer (002/DNS local),A_CONFIRMER,API_OU_DOM_MONITOR,QUOTIDIEN,Non vérifiable.
SRC_188,SOTRAMA,Entreprises - employeurs,Transport,Emploi,-,🔎 Non vérifiable (login requis),NON_VERIFIABLE,NON_CONFIGURÉ,AUCUNE,Non vérifié.
SRC_189,B2Gold - Mine de Fekola,Entreprises - employeurs,Mines (or),Emploi (opérateurs/mécano/métallurgie/env.),https://www.b2gold.com/careers,✅ Actif (200),ACTIF_200,API_OU_DOM_MONITOR,QUOTIDIEN,Recruteur massif.
SRC_190,Barrick - Loulo-Gounkoto,Entreprises - employeurs,Mines (or),Emploi,https://www.barrick.com/careers,✅ Actif (200),ACTIF_200,API_OU_DOM_MONITOR,QUOTIDIEN,Complexe aurifère.
SRC_191,"Resolute/Syama, Hummingbird/Yanfolila",Entreprises - employeurs,Mines (or),Emploi,-,🔎 Non vérifiable (login requis),NON_VERIFIABLE,NON_CONFIGURÉ,AUCUNE,Non vérifiés.
SRC_192,Robex Resources - Mine de Nampala,Entreprises - employeurs,Mines (or),Emploi,https://www.robexgold.com/careers,✅ Actif (200),ACTIF_200,API_OU_DOM_MONITOR,QUOTIDIEN,"Orpailleur industriel, mine de Nampala. Fusion en cours avec Predictive Discovery (robexgold.com redirige). Recrute soudeurs/mécano/admin."
SRC_193,Allied Gold - Mine de Sadiola,Entreprises - employeurs,Mines (or),Emploi,https://www.alliedgold.com/careers,⚠️ Actif (403 anti-bot),ACTIF_403,PLAYWRIGHT_RESIDENTIAL,QUOTIDIEN,A repris l'actif aurifère Sadiola (ex-IAMGOLD) — gros recruteur opérateurs/techniciens.
SRC_195,SEMOS - Mine de Sadiola,Entreprises - employeurs,Mines (or),Emploi,semos.ml,❓ À confirmer (002/DNS local),A_CONFIRMER,API_OU_DOM_MONITOR,QUOTIDIEN,Non vérifiable.
SRC_196,CMDT (Coton),Entreprises - employeurs,Agro-industrie,Emploi (cadres/agronomes/techniciens),cmdt.ml,❓ À confirmer (002/DNS local),A_CONFIRMER,API_OU_DOM_MONITOR,QUOTIDIEN,Très gros employeur rural ; à re-tester.
SRC_197,Office du Niger / OPIB (riz),Entreprises - employeurs,Agro-industrie,Emploi,-,🔎 Non vérifiable (login requis),NON_VERIFIABLE,NON_CONFIGURÉ,AUCUNE,Grand employeur zone Office du Niger.
SRC_198,Groupe Tomota-Faso (semences) / Huicoma (huilerie),Entreprises - employeurs,Agro-industrie,Emploi,huicoma.ml,❓ À confirmer (002/DNS local),A_CONFIRMER,API_OU_DOM_MONITOR,QUOTIDIEN,Non vérifié.
SRC_199,Sodefitex,Entreprises - employeurs,Coton,-,-,🔴 Piège/Squat - à écarter,SQUAT,NON_CONFIGURÉ,AUCUNE,"≈ Côte d'Ivoire/Sénégal, PAS au Mali (coton = CMDT)."
SRC_200,Ciments du Mali / CIMAF / Diamond Cement,Entreprises - employeurs,Ciment/BTP,Emploi,-,🔎 Non vérifiable (login requis),NON_VERIFIABLE,NON_CONFIGURÉ,AUCUNE,Recruteurs BTP.
SRC_201,"CFAO/SCOA Mali, Mobitech, Toyota Mali",Entreprises - employeurs,Distribution/auto,Emploi,cfao.com,❓ À confirmer (002/DNS local),A_CONFIRMER,API_OU_DOM_MONITOR,QUOTIDIEN,"Groupe réel, site non vérifiable ici."
SRC_202,Africa Global Logistics (ex-Bolloré) / Maersk,Entreprises - employeurs,Logistique,Emploi,-,🔎 Non vérifiable (login requis),NON_VERIFIABLE,NON_CONFIGURÉ,AUCUNE,Groupes réels.
SRC_203,SUNU Assurances Mali (ex-UTM),Entreprises - employeurs,Assurance,Emploi,sunuassurance.com,❓ À confirmer (002/DNS local),A_CONFIRMER,API_OU_DOM_MONITOR,QUOTIDIEN,Non vérifiable.
SRC_204,NSIA Assurances Mali,Entreprises - employeurs,Assurance,Emploi,nsia.ml,❓ À confirmer (002/DNS local),A_CONFIRMER,API_OU_DOM_MONITOR,QUOTIDIEN,Non vérifiable.
SRC_205,AXA Malienne d'Assurance,Entreprises - employeurs,Assurance,Emploi,axa-mali.com,❓ À confirmer (002/DNS local),A_CONFIRMER,API_OU_DOM_MONITOR,QUOTIDIEN,Non vérifiable.
SRC_206,Allianz Mali,Entreprises - employeurs,Assurance,Emploi,allianz.com,⚠️ Actif (403 anti-bot),ACTIF_403,PLAYWRIGHT_RESIDENTIAL,QUOTIDIEN,Groupe.
SRC_207,BRASMA / Brasseries du Mali (Castel),Entreprises - employeurs,Boissons,Emploi,-,🔎 Non vérifiable (login requis),NON_VERIFIABLE,NON_CONFIGURÉ,AUCUNE,Non vérifié.
SRC_208,Heineken/BGI,Entreprises - employeurs,Boissons,Emploi,heineken.com,✅ Actif (200),ACTIF_200,API_OU_DOM_MONITOR,QUOTIDIEN,Groupe.
SRC_209,Nestlé CWA,Entreprises - employeurs,Agro-alimentaire,Emploi,nestle-cwa.com,⚠️ Actif (403 anti-bot),ACTIF_403,PLAYWRIGHT_RESIDENTIAL,QUOTIDIEN,Existe.
SRC_210,TotalEnergies Marketing Mali,Entreprises - employeurs,Énergie/carburant,Emploi,totalenergies.com,✅ Actif (200),ACTIF_200,API_OU_DOM_MONITOR,QUOTIDIEN,Distribution carburant.
SRC_211,Fonction Publique & collectivités (concours annuels),Entreprises - employeurs,Fonction publique,Concours/recrutement,http://www.fonctionpublique.gouv.ml,✅ Actif (200),ACTIF_200,API_OU_DOM_MONITOR,QUOTIDIEN,Très gros volume.
SRC_213,Bamako Incubateur,Incubateurs & Hubs,Incubateur,"Appels à projets, subventions, financements",https://bamako-incubateur.org,✅ Actif (200),ACTIF_200,HTML_GENERIC_PARSER,HEBDOMADAIRE,"Fabrique sociale de l'entrepreneuriat au Mali ; cohortes de startups, Fintech, formation numérique (10 000 Codeurs) et amorçage entrepreneurial."
SRC_214,Tuwindi,Incubateurs & Hubs,Civic Tech / Hub d'innovation,"Appels à projets, subventions, financements",https://tuwindi.io,✅ Actif (200),ACTIF_200,HTML_GENERIC_PARSER,HEBDOMADAIRE,"Organisation civique & tech malienne ; concours d'innovation, hackathons, bourses et subventions de projets médias, démocratie et gouvernance locale."
SRC_215,Createam,Incubateurs & Hubs,Incubateur d'entreprises,"Appels à projets, subventions, financements",-,❌ Inaccessible,INACCESSIBLE,NON_CONFIGURÉ,AUCUNE,Domaine createam.ml inactif et non résolu (hors ligne). Veille recommandée via les réseaux sociaux et l'écosystème tech local.
SRC_216,Impact Hub Bamako,Incubateurs & Hubs,Hub d'innovation & entrepreneuriat,"Appels à projets, subventions, financements",https://bamako.impacthub.net,✅ Actif (200),ACTIF_200,HTML_GENERIC_PARSER,HEBDOMADAIRE,"Programmes d'accélération à impact, subventions de démarrage (The Next Economy, Seedstars Mali), mentorat et accès aux investisseurs."
SRC_217,Orange Corners Mali,Incubateurs & Hubs,Programme d'accélération,"Appels à projets, subventions, financements",https://www.orangecorners.com/country/mali/,✅ Actif (200),ACTIF_200,HTML_GENERIC_PARSER,HEBDOMADAIRE,"Initiative des Pays-Bas exécutée par DoniLab ; accélération de 6 mois pour jeunes entrepreneurs (18-35 ans) à Bamako, Sikasso et Ségou avec accès au fonds OCIF."
SRC_218,ADCE Mali,Incubateurs & Hubs,Incubateur vert & climat,"Appels à projets, subventions, financements",https://www.adcemali.com,✅ Actif (200),ACTIF_200,HTML_GENERIC_PARSER,HEBDOMADAIRE,"Accompagnement et incubation de projets verts, agroécologie, énergies renouvelables et résilience climatique pour jeunes et groupements féminins au Mali."
SRC_219,ENGIM StartUp Mali,Fondations & ONG,Insertion & entrepreneuriat,"Appels à projets, subventions, financements",https://engimstartup.org,✅ Actif (200),ACTIF_200,HTML_GENERIC_PARSER,HEBDOMADAIRE,"Appels à projets entrepreneuriaux et insertion professionnelle (filière karité, énergies renouvelables, transformation agroalimentaire) financés par l'AICS."
SRC_220,Fondation Tony Elumelu (TEF),Fondations & ONG,Fondation d'entreprise,"Appels à projets, subventions, financements",https://www.tonyelumelufoundation.org,✅ Actif (200),ACTIF_200,HTML_GENERIC_PARSER,HEBDOMADAIRE,"Subvention d'amorçage non remboursable de 5 000 USD, formation de 12 semaines et mentorat pour jeunes entrepreneurs maliens et africains (guichet annuel)."
SRC_221,TotalEnergies - Challenge Startupper,Entreprises - employeurs,Concours d'entrepreneuriat,"Appels à projets, subventions, financements",https://startupper.totalenergies.com,✅ Actif (200),ACTIF_200,HTML_GENERIC_PARSER,HEBDOMADAIRE,"Concours biennal primant les meilleures initiatives maliennes : soutien financier direct, visibilité médiatique et prix spécial entrepreneuriat féminin."
SRC_222,FAFE - Fonds d'Appui à l'Autonomisation des Femmes,Institutions publiques,Fonds public national,"Appels à projets, subventions, financements",-,❌ Inaccessible,INACCESSIBLE,NON_CONFIGURÉ,AUCUNE,Portail femme.gouv.ml inaccessible (serveur injoignable). Financement et subventions relayés par la presse locale et le Ministère de tutelle.
SRC_223,PROCEJ,Institutions publiques,Programme d'État / Bailleur,"Appels à projets, subventions, financements",-,❌ Inaccessible,INACCESSIBLE,NON_CONFIGURÉ,AUCUNE,Site procej.ml inaccessible (domaine non renouvelé/hors ligne). Projet achevé ; suivi des bénéficiaires et opportunités via l'APEJ.
SRC_224,Projet FIER Mali,Institutions publiques,Programme de développement rural,"Appels à projets, subventions, financements",https://fier2.org,✅ Actif (200),ACTIF_200,HTML_GENERIC_PARSER,HEBDOMADAIRE,"Phase 2 du projet (FIER II / FIDA) sur le portail actif https://fier2.org ; financements, subventions de démarrage et formations pour les jeunes ruraux."
SRC_225,PACEPEP Mali,Institutions publiques,Fonds d'appui aux PME,"Appels à projets, subventions, financements",-,❌ Inaccessible,INACCESSIBLE,NON_CONFIGURÉ,AUCUNE,Programme clos ; site pacepep.ml inaccessible (DNS/serveur hors ligne). Activités relayées par le Projet INCLUSIF et le FIDA.
SRC_226,UNCDF Mali,Fonds & Banques de développement,Agence de financement ONU,"Appels à projets, subventions, financements",https://www.uncdf.org/fr/mali,✅ Actif (200),ACTIF_200,HTML_GENERIC_PARSER,HEBDOMADAIRE,"Subventions d'investissement et mécanismes de garantie pour PME, inclusion financière numérique et autonomisation économique des femmes maliennes."
SRC_227,Proparco (Groupe AFD),Fonds & Banques de développement,Institution financière,"Appels à projets, subventions, financements",https://www.proparco.fr/fr/nos-solutions-de-financement,✅ Actif (200),ACTIF_200,HTML_GENERIC_PARSER,HEBDOMADAIRE,"Dispositif Choose Africa, facilités de garanties bancaires et fonds d'amorçage pour startups et PME innovantes à fort impact économique en Afrique de l'Ouest."
SRC_228,UE Mali - Appels à propositions,Bailleurs & Coopération,Bailleur international,"Appels à projets, subventions, financements",https://ec.europa.eu/info/funding-tenders/opportunities/portal/screen/programmes/ndici,✅ Actif (200),ACTIF_200,HTML_GENERIC_PARSER,QUOTIDIEN,"Portail des subventions de l'Union Européenne (NDICI/Global Europe) pour le Mali : appels à projets pour la société civile, l'insertion socio-économique et l'énergie durable."
SRC_229,AFD Mali - Appels à projets,Bailleurs & Coopération,Bailleur bilatéral,"Appels à projets, subventions, financements",https://www.afd.fr/fr/appels-projets,✅ Actif (200),ACTIF_200,HTML_GENERIC_PARSER,QUOTIDIEN,"Appels à projets ""Initiatives OSC"", FISP-Climat et Fonds de soutien aux organisations féministes (FSOF) finançant les projets au Mali et dans la sous-région."
SRC_230,PNUD Mali - Procurement & Grants,Bailleurs & Coopération,Agence ONU,"Appels à projets, subventions, financements",https://procurement-notices.undp.org,✅ Actif (200),ACTIF_200,HTML_GENERIC_PARSER,QUOTIDIEN,"Avis de subventions (Low Value Grants) et micro-projets du FEM/SGP pour les initiatives locales, l'adaptation climatique et l'entrepreneuriat des jeunes au Mali."
SRC_231,GIZ Mali - Appels à candidatures,Bailleurs & Coopération,Coopération bilatérale,"Appels à projets, subventions, financements",https://www.giz.de/en/workingwithgiz/bidding_tendering.html,✅ Actif (200),ACTIF_200,HTML_GENERIC_PARSER,QUOTIDIEN,"Contrats de subventions locales et appels à manifestation d'intérêt dans l'agriculture durable, la formation professionnelle et l'emploi des jeunes au Mali."
SRC_232,Enabel Mali - Marchés & Subventions,Bailleurs & Coopération,Coopération bilatérale,"Appels à projets, subventions, financements",https://www.enabel.be/fr/marches-et-subventions/,✅ Actif (200),ACTIF_200,HTML_GENERIC_PARSER,HEBDOMADAIRE,"Appels à propositions de subventions de l'agence belge pour des initiatives communautaires d'employabilité, pastoralisme et développement économique au Mali."
SRC_233,USAID Mali (Grants.gov),Bailleurs & Coopération,Agence bilatérale,"Appels à projets, subventions, financements",https://www.grants.gov/search-grants?agencyCode=USAID,✅ Actif (200),ACTIF_200,API_OU_DOM_MONITOR,QUOTIDIEN,"Annonces de financements et subventions fédérales américaines pour les organisations maliennes (santé, agriculture, résilience économique et gouvernance)."
SRC_234,Facilité Sahel,Fondations & ONG,Fonds fiduciaire régional,"Appels à projets, subventions, financements",https://facilite-sahel.org/fr/appels-propositions,✅ Actif (200),ACTIF_200,HTML_GENERIC_PARSER,HEBDOMADAIRE,"Fonds dédié au financement par subventions des ONG locales et nationales au Sahel (Mali, Burkina, Niger) pour les services sociaux de base et le relèvement économique."
SRC_235,Dambe Funds Sahel,Fondations & ONG,Fonds d'appui aux OSC,"Appels à projets, subventions, financements",https://dambefundssahel.org,✅ Actif (200),ACTIF_200,HTML_GENERIC_PARSER,HEBDOMADAIRE,"Subventions (10 à 16 millions FCFA) aux petites associations et organisations de base au Mali pour la santé reproductive, les droits et l'autonomisation des jeunes/femmes."
SRC_236,Women's Peace & Humanitarian Fund (WPHF),Fondations & ONG,Fonds des Nations Unies,"Appels à projets, subventions, financements",https://wphfund.org/fr/appel-a-propositions-au-mali/,✅ Actif (200),ACTIF_200,HTML_GENERIC_PARSER,HEBDOMADAIRE,Subventions institutionnelles (2 500 à 30 000 USD) et programmatiques (jusqu'à 200 000 USD) aux organisations féminines locales actives au centre et nord du Mali.
SRC_237,Initiatives-Sahel (INISA / Coopération Monaco),Bailleurs & Coopération,Coopération bilatérale,"Appels à projets, subventions, financements",https://cooperation-monaco.gouv.mc,✅ Actif (200),ACTIF_200,HTML_GENERIC_PARSER,HEBDOMADAIRE,"Subventions directes (jusqu'à 20 000 €) pour les OSC de taille intermédiaire au Mali, axées sur l'insertion des jeunes vulnérables et l'entrepreneuriat social."
SRC_238,BAD - Portail Marchés & Subventions,Fonds & Banques de développement,Banque multilatérale,"Appels à projets, subventions, financements",https://www.afdb.org/fr/projects-and-operations/procurement,⚠️ Actif (403 anti-bot),ACTIF_403,PLAYWRIGHT_RESIDENTIAL,QUOTIDIEN,"Appels à propositions et financements de projets au Mali (guichet genre AFAWA, Fonds pour l'énergie durable SEFA, valorisation des chaînes de valeur agricoles)."
SRC_239,Google for Startups Accelerator: Africa,Entreprises - employeurs,Accélérateur technologique,"Appels à projets, subventions, financements",https://startup.google.com/programs/accelerator/africa/,✅ Actif (200),ACTIF_200,HTML_GENERIC_PARSER,HEBDOMADAIRE,"Accélérateur equity-free pour startups à fort potentiel technologique (IA, Fintech, AgriTech) : mentorat d'experts, crédits cloud et mise en réseau avec investisseurs."